{
    "ex_hat": [
        [
            0.9627360000000001
        ]
    ],
    "ex_hat_std": [
        [
            0.06671993362866782
        ]
    ],
    "exj_hat": [
        0.9627360000000001
    ],
    "exj_hat_std": [
        0.06671993362866782
    ],
    "ey_hat": [
        [
            1.0
        ]
    ],
    "ey_hat_std": [
        [
            0.0
        ]
    ],
    "eyj_hat": [
        1.0
    ],
    "eyj_hat_std": [
        0.0
    ],
    "eyx_hat": [
        [
            0.9627360000000001
        ]
    ],
    "eyx_hat_std": [
        [
            0.06671993362866782
        ]
    ],
    "eyy_hat": [
        [
            0.0
        ]
    ],
    "eyy_hat_std": [
        [
            NaN
        ]
    ],
    "mx_hat": [
        [
            0.9627360000000001
        ]
    ],
    "mx_hat_std": [
        [
            0.06671993362866782
        ]
    ],
    "my_hat": [
        [
            0.0
        ]
    ],
    "my_hat_std": [
        [
            0.0
        ]
    ]
}