{
    "exj_indivs": [
        [
            0.00913727,
            -0.954714,
            1.90688
        ]
    ],
    "eyj_indivs": [
        [
            0.00913727,
            -0.954714,
            1.90688
        ]
    ],
    "eyx_indivs": [
        [
            [
                0.00913727
            ]
        ],
        [
            [
                -0.954714
            ]
        ],
        [
            [
                1.90688
            ]
        ]
    ],
    "eyy_indivs": [
        [
            [
                NaN
            ]
        ],
        [
            [
                NaN
            ]
        ],
        [
            [
                NaN
            ]
        ]
    ],
    "yhat": [
        [
            2.88729,
            1.92344,
            4.78503,
            1.54302,
            2.67368,
            1.7401,
            3.37587,
            2.12185,
            2.65002,
            3.29666,
            4.20091,
            1.431,
            4.85403,
            3.49396,
            2.86929,
            2.59688,
            2.02634,
            2.53253,
            2.28208,
            4.22139,
            2.2228,
            2.41147,
            2.94238,
            3.07958,
            1.8168,
            1.45126,
            3.91226,
            3.41267,
            2.30423,
            0.711228,
            2.21276,
            1.97148,
            3.09331,
            2.47081,
            3.78024,
            2.79919,
            2.51939,
            1.96474,
            2.49727,
            3.78989,
            2.075,
            5.21004,
            1.59976,
            2.7609,
            3.21734,
            2.64761,
            3.08588,
            3.10665,
            2.80297,
            4.34693,
            3.34517,
            3.55764,
            2.40471,
            3.73283,
            4.33125,
            2.26997,
            2.51424,
            4.07691,
            0.404643,
            3.16693,
            4.03896,
            1.19143,
            3.75864,
            2.49989,
            0.655707,
            2.89208,
            1.49721,
            3.48878,
            2.44682,
            4.05751,
            2.13068,
            2.92491,
            2.89285,
            5.09882,
            2.65946,
            2.47209,
            1.70538,
            3.2141,
            4.12627,
            3.40154,
            3.76559,
            1.64687,
            3.57386,
            2.77986,
            3.64519,
            1.99528,
            4.89974,
            3.21686,
            3.49997,
            2.37341,
            1.99712,
            2.21869,
            3.20428,
            3.53609,
            1.925,
            0.782145,
            3.64693,
            2.67766,
            2.82744,
            0.711578,
            2.88796,
            3.95531,
            3.45474,
            5.06193,
            3.06246,
            3.00284,
            2.54645,
            3.37348,
            2.18688,
            2.89844,
            3.44571,
            1.72487,
            3.10783,
            3.85224,
            2.84315,
            4.18882,
            1.52774,
            3.86604,
            2.10661,
            2.45103,
            3.00146,
            2.09858,
            2.49445,
            4.23185,
            4.75818,
            4.53816,
            3.79464,
            2.09303,
            2.90882,
            0.908013,
            2.73189,
            2.01807,
            2.40604,
            4.22518,
            2.16644,
            2.77291,
            3.64412,
            4.39016,
            2.21824,
            0.170542,
            3.3052,
            3.43207,
            2.50193,
            3.11918,
            2.94457,
            4.58893,
            1.18769,
            1.53667,
            2.6208,
            2.19832,
            2.9689,
            2.58245,
            3.27015,
            2.37788,
            2.73903,
            1.92667,
            1.67392,
            2.7958,
            3.25793,
            1.47101,
            1.85023,
            2.78871,
            3.83116,
            0.815915,
            3.73111,
            2.24727,
            6.25926,
            4.65536,
            0.948491,
            2.14085,
            2.76798,
            3.99276,
            2.11617,
            2.93959,
            4.06694,
            3.21166,
            3.76487,
            2.55078,
            2.48367,
            1.37921,
            2.88615,
            4.81553,
            2.57344,
            2.21656,
            3.27591,
            3.28244,
            4.21151,
            2.17704,
            1.5499,
            3.31283,
            3.47635,
            1.43489,
            2.57127,
            4.36359,
            4.03945,
            3.39591,
            3.3718,
            3.4513,
            3.62195,
            3.8425
        ]
    ]
}
