{
    "ex_hat": [
        [
            0.8820453174548681
        ],
        [
            -0.0009973688937857362
        ],
        [
            0.8934976462775313
        ]
    ],
    "ex_hat_std": [
        [
            0.1995327777789513
        ],
        [
            0.7536317781358213
        ],
        [
            0.0716183731432135
        ]
    ],
    "exj_hat": [
        0.8934976462775313
    ],
    "exj_hat_std": [
        0.0716183731432135
    ],
    "ey_hat": [
        [
            1.0,
            NaN,
            NaN
        ],
        [
            NaN,
            1.0,
            NaN
        ],
        [
            1.0129849604557981,
            0.0009973688937857362,
            1.0
        ]
    ],
    "ey_hat_std": [
        [
            0.0,
            0.0,
            0.0
        ],
        [
            0.0,
            0.0,
            0.0
        ],
        [
            0.22807324778514126,
            0.7536317781358214,
            0.0
        ]
    ],
    "eyj_hat": [
        1.0129849604557981,
        0.0009973688937857362,
        1.0
    ],
    "eyj_hat_std": [
        0.22807324778514126,
        0.7536317781358214,
        0.0
    ],
    "eyx_hat": [
        [
            0.8934986410222415
        ],
        [
            -9.94744710291383e-07
        ],
        [
            0.0
        ]
    ],
    "eyx_hat_std": [
        [
            0.0716184528770529
        ],
        [
            -7.973383941266417e-08
        ],
        [
            0.0
        ]
    ],
    "eyy_hat": [
        [
            0.0,
            0.0,
            0.0
        ],
        [
            0.0,
            0.0,
            0.0
        ],
        [
            1.0129849604557981,
            0.0009973688937857362,
            0.0
        ]
    ],
    "eyy_hat_std": [
        [
            0.0,
            0.0,
            NaN
        ],
        [
            0.0,
            0.0,
            NaN
        ],
        [
            0.22807324778514126,
            0.7536317781358214,
            NaN
        ]
    ],
    "mx_hat": [
        [
            0.8820453174548681
        ],
        [
            -0.0009973688937857362
        ],
        [
            0.0
        ]
    ],
    "mx_hat_std": [
        [
            0.1995327777789513
        ],
        [
            0.7536317781358213
        ],
        [
            0.0
        ]
    ],
    "my_hat": [
        [
            0.0,
            0.0,
            0.0
        ],
        [
            0.0,
            0.0,
            0.0
        ],
        [
            1.0129849604557981,
            0.0009973688937857362,
            0.0
        ]
    ],
    "my_hat_std": [
        [
            0.0,
            0.0,
            0.0
        ],
        [
            0.0,
            0.0,
            0.0
        ],
        [
            0.22807324778514126,
            0.7536317781358214,
            0.0
        ]
    ]
}