{
    "ex_hat": [
        [
            0.882045
        ],
        [
            -0.000997369
        ],
        [
            0.893498
        ]
    ],
    "ex_hat_std": [
        [
            0.199533
        ],
        [
            0.753632
        ],
        [
            0.0716184
        ]
    ],
    "exj_hat": [
        0.893498
    ],
    "exj_hat_std": [
        0.0716184
    ],
    "ey_hat": [
        [
            1.0,
            NaN,
            NaN
        ],
        [
            NaN,
            1.0,
            NaN
        ],
        [
            1.01298,
            0.000997369,
            1.0
        ]
    ],
    "ey_hat_std": [
        [
            0.0,
            0.0,
            0.0
        ],
        [
            0.0,
            0.0,
            0.0
        ],
        [
            0.228073,
            0.753632,
            0.0
        ]
    ],
    "eyj_hat": [
        1.01298,
        0.000997369,
        1.0
    ],
    "eyj_hat_std": [
        0.228073,
        0.753632,
        0.0
    ],
    "eyx_hat": [
        [
            0.893499
        ],
        [
            -9.94745e-07
        ],
        [
            0.0
        ]
    ],
    "eyx_hat_std": [
        [
            0.0716185
        ],
        [
            -7.97338e-08
        ],
        [
            0.0
        ]
    ],
    "eyy_hat": [
        [
            0.0,
            0.0,
            0.0
        ],
        [
            0.0,
            0.0,
            0.0
        ],
        [
            1.01298,
            0.000997369,
            0.0
        ]
    ],
    "eyy_hat_std": [
        [
            0.0,
            0.0,
            NaN
        ],
        [
            0.0,
            0.0,
            NaN
        ],
        [
            0.228073,
            0.753632,
            NaN
        ]
    ],
    "mx_hat": [
        [
            0.882045
        ],
        [
            -0.000997369
        ],
        [
            0.0
        ]
    ],
    "mx_hat_std": [
        [
            0.199533
        ],
        [
            0.753632
        ],
        [
            0.0
        ]
    ],
    "my_hat": [
        [
            0.0,
            0.0,
            0.0
        ],
        [
            0.0,
            0.0,
            0.0
        ],
        [
            1.01298,
            0.000997369,
            0.0
        ]
    ],
    "my_hat_std": [
        [
            0.0,
            0.0,
            0.0
        ],
        [
            0.0,
            0.0,
            0.0
        ],
        [
            0.228073,
            0.753632,
            0.0
        ]
    ]
}