{
    "exj_indivs": [
        [
            0.00913727,
            -0.954714,
            1.90688
        ]
    ],
    "eyj_indivs": [
        [
            0.0182745,
            -1.90943,
            3.81375
        ],
        [
            -0.00913727,
            0.954714,
            -1.90688
        ],
        [
            0.00913727,
            -0.954714,
            1.90688
        ]
    ],
    "eyx_indivs": [
        [
            [
                0.0182745
            ],
            [
                -0.00913727
            ],
            [
                NaN
            ]
        ],
        [
            [
                -1.90943
            ],
            [
                0.954714
            ],
            [
                NaN
            ]
        ],
        [
            [
                3.81375
            ],
            [
                -1.90688
            ],
            [
                NaN
            ]
        ]
    ],
    "eyy_indivs": [
        [
            [
                NaN,
                NaN,
                NaN
            ],
            [
                NaN,
                NaN,
                NaN
            ],
            [
                0.0182745,
                -0.00913727,
                NaN
            ]
        ],
        [
            [
                NaN,
                NaN,
                NaN
            ],
            [
                NaN,
                NaN,
                NaN
            ],
            [
                -1.90943,
                0.954714,
                NaN
            ]
        ],
        [
            [
                NaN,
                NaN,
                NaN
            ],
            [
                NaN,
                NaN,
                NaN
            ],
            [
                3.81375,
                -1.90688,
                NaN
            ]
        ]
    ],
    "yhat": [
        [
            5.77457,
            3.84687,
            9.57005,
            3.08603,
            5.34736,
            3.48021,
            6.75173,
            4.24371,
            5.30005,
            6.59332,
            8.40182,
            2.86201,
            9.70806,
            6.98792,
            5.73858,
            5.19376,
            4.05268,
            5.06507,
            4.56416,
            8.44279,
            4.4456,
            4.82295,
            5.88476,
            6.15916,
            3.6336,
            2.90252,
            7.82451,
            6.82534,
            4.60846,
            1.42246,
            4.42552,
            3.94297,
            6.18662,
            4.94161,
            7.56049,
            5.59837,
            5.03878,
            3.92948,
            4.99453,
            7.57978,
            4.15,
            10.4201,
            3.19953,
            5.52181,
            6.43468,
            5.29523,
            6.17175,
            6.2133,
            5.60594,
            8.69387,
            6.69035,
            7.11529,
            4.80943,
            7.46566,
            8.66251,
            4.53993,
            5.02849,
            8.15383,
            0.809285,
            6.33386,
            8.07792,
            2.38285,
            7.51728,
            4.99977,
            1.31141,
            5.78416,
            2.99442,
            6.97756,
            4.89364,
            8.11502,
            4.26136,
            5.84982,
            5.78569,
            10.1976,
            5.31892,
            4.94419,
            3.41077,
            6.4282,
            8.25254,
            6.80307,
            7.53117,
            3.29375,
            7.14772,
            5.55973,
            7.29038,
            3.99056,
            9.79948,
            6.43372,
            6.99994,
            4.74682,
            3.99423,
            4.43738,
            6.40856,
            7.07218,
            3.85001,
            1.56429,
            7.29386,
            5.35533,
            5.65487,
            1.42316,
            5.77591,
            7.91063,
            6.90948,
            10.1239,
            6.12492,
            6.00568,
            5.09289,
            6.74697,
            4.37377,
            5.79688,
            6.89143,
            3.44974,
            6.21566,
            7.70447,
            5.6863,
            8.37764,
            3.05547,
            7.73208,
            4.21322,
            4.90206,
            6.00293,
            4.19716,
            4.9889,
            8.46371,
            9.51635,
            9.07632,
            7.58928,
            4.18607,
            5.81765,
            1.81603,
            5.46377,
            4.03613,
            4.81207,
            8.45035,
            4.33288,
            5.54582,
            7.28825,
            8.78033,
            4.43648,
            0.341084,
            6.6104,
            6.86414,
            5.00386,
            6.23836,
            5.88913,
            9.17786,
            2.37537,
            3.07334,
            5.2416,
            4.39664,
            5.9378,
            5.1649,
            6.5403,
            4.75577,
            5.47807,
            3.85333,
            3.34785,
            5.59159,
            6.51586,
            2.94203,
            3.70047,
            5.57742,
            7.66233,
            1.63183,
            7.46222,
            4.49453,
            12.5185,
            9.31073,
            1.89698,
            4.2817,
            5.53597,
            7.98552,
            4.23233,
            5.87919,
            8.13388,
            6.42331,
            7.52975,
            5.10155,
            4.96733,
            2.75843,
            5.77231,
            9.63105,
            5.14689,
            4.43311,
            6.55181,
            6.56489,
            8.42303,
            4.35408,
            3.09981,
            6.62565,
            6.95271,
            2.86979,
            5.14253,
            8.72717,
            8.0789,
            6.79182,
            6.74361,
            6.9026,
            7.24391,
            7.68499
        ],
        [
            -2.88729,
            -1.92344,
            -4.78503,
            -1.54302,
            -2.67368,
            -1.7401,
            -3.37587,
            -2.12185,
            -2.65002,
            -3.29666,
            -4.20091,
            -1.431,
            -4.85403,
            -3.49396,
            -2.86929,
            -2.59688,
            -2.02634,
            -2.53253,
            -2.28208,
            -4.22139,
            -2.2228,
            -2.41147,
            -2.94238,
            -3.07958,
            -1.8168,
            -1.45126,
            -3.91226,
            -3.41267,
            -2.30423,
            -0.711228,
            -2.21276,
            -1.97148,
            -3.09331,
            -2.47081,
            -3.78024,
            -2.79919,
            -2.51939,
            -1.96474,
            -2.49727,
            -3.78989,
            -2.075,
            -5.21004,
            -1.59976,
            -2.7609,
            -3.21734,
            -2.64761,
            -3.08588,
            -3.10665,
            -2.80297,
            -4.34693,
            -3.34517,
            -3.55764,
            -2.40471,
            -3.73283,
            -4.33125,
            -2.26997,
            -2.51424,
            -4.07691,
            -0.404643,
            -3.16693,
            -4.03896,
            -1.19143,
            -3.75864,
            -2.49989,
            -0.655707,
            -2.89208,
            -1.49721,
            -3.48878,
            -2.44682,
            -4.05751,
            -2.13068,
            -2.92491,
            -2.89285,
            -5.09882,
            -2.65946,
            -2.47209,
            -1.70538,
            -3.2141,
            -4.12627,
            -3.40154,
            -3.76559,
            -1.64687,
            -3.57386,
            -2.77986,
            -3.64519,
