{
    "ex_hat": [
        [
            0.124958,
            0.10065,
            -0.06702,
            -0.48055,
            NaN,
            NaN
        ],
        [
            -0.122692,
            -0.0988246,
            0.0658045,
            0.471835,
            NaN,
            0.895804
        ],
        [
            0.0704079,
            0.0567115,
            -0.0377626,
            -0.270767,
            1.16141,
            0.531651
        ]
    ],
    "ex_hat_std": [
        [
            0.00646454,
            0.00817275,
            0.00873987,
            0.0487374,
            0.0,
            0.0
        ],
        [
            0.00866161,
            0.00932736,
            0.00908517,
            0.0530936,
            0.0,
            0.0104659
        ],
        [
            0.0124132,
            0.0105401,
            0.00782735,
            0.0541094,
            0.0815388,
            0.0159582
        ]
    ],
    "exj_hat": [
        0.0704079,
        0.0567115,
        -0.0377626,
        -0.270767,
        1.16141,
        0.531651
    ],
    "exj_hat_std": [
        0.0124132,
        0.0105401,
        0.00782735,
        0.0541094,
        0.0815388,
        0.0159582
    ],
    "ey_hat": [
        [
            1.0,
            NaN,
            NaN
        ],
        [
            -0.981864,
            1.0,
            NaN
        ],
        [
            0.563452,
            0.59349,
            1.0
        ]
    ],
    "ey_hat_std": [
        [
            0.0,
            0.0,
            0.0
        ],
        [
            0.0573996,
            0.0,
            0.0
        ],
        [
            0.0957531,
            0.0151943,
            0.0
        ]
    ],
    "eyj_hat": [
        0.563452,
        0.59349,
        1.0
    ],
    "eyj_hat_std": [
        0.0957531,
        0.0151943,
        0.0
    ],
    "eyx_hat": [
        [
            0.0704079,
            0.0567115,
            -0.0377626,
            -0.270767,
            0.0,
            0.0
        ],
        [
            0.0,
            0.0,
            0.0,
            0.0,
            0.0,
            0.531651
        ],
        [
            0.0,
            0.0,
            0.0,
            0.0,
            1.16141,
            0.0
        ]
    ],
    "eyx_hat_std": [
        [
            0.0124132,
            0.0105401,
            0.00782735,
            0.0541094,
            0.0,
            0.0
        ],
        [
            0.0,
            0.0,
            -0.0,
            -0.0,
            0.0,
            0.0159582
        ],
        [
            0.0,
            0.0,
            -0.0,
            -0.0,
            0.0815388,
            0.0
        ]
    ],
    "eyy_hat": [
        [
            0.0,
            0.0,
            0.0
        ],
        [
            -0.582727,
            0.0,
            0.0
        ],
        [
            1.14618,
            0.59349,
            0.0
        ]
    ],
    "eyy_hat_std": [
        [
            0.0,
            0.0,
            NaN
        ],
        [
            -0.0990287,
            0.0,
            NaN
        ],
        [
            0.194782,
            0.0151943,
            NaN
        ]
    ],
    "mx_hat": [
        [
            0.124958,
            0.10065,
            -0.06702,
            -0.48055,
            0.0,
            0.0
        ],
        [
            0.0,
            0.0,
            0.0,
            0.0,
            0.0,
            0.895804
        ],
        [
            0.0,
            0.0,
            0.0,
            0.0,
            1.16141,
            0.0
        ]
    ],
    "mx_hat_std": [
        [
            0.00646454,
            0.00817275,
            0.00873987,
            0.0487374,
            0.0,
            0.0
        ],
        [
            0.0,
            0.0,
            0.0,
            0.0,
            0.0,
            0.0104659
        ],
        [
            0.0,
            0.0,
            0.0,
            0.0,
            0.0815388,
            0.0
        ]
    ],
    "my_hat": [
        [
            0.0,
            0.0,
            0.0
        ],
        [
            -0.981864,
            0.0,
            0.0
        ],
        [
            1.14618,
            0.59349,
            0.0
        ]
    ],
    "my_hat_std": [
        [
            0.0,
            0.0,
            0.0
        ],
        [
            0.0573996,
            0.0,
            0.0
        ],
        [
            0.103374,
            0.0151943,
            0.0
        ]
    ]
}