{
    "ex_hat": [
        [
            0.12495799999999999,
            0.10064999999999996,
            -0.06702,
            -0.4805499999999999,
            NaN,
            NaN
        ],
        [
            -0.122691761712,
            -0.09882461159999997,
            0.06580452528000001,
            0.47183474519999996,
            NaN,
            0.89580378624
        ],
        [
            0.07040787683718176,
            0.05671147748573395,
            -0.03776257547038143,
            -0.27076701943139053,
            1.1614076672,
            0.5316509072850825
        ]
    ],
    "ex_hat_std": [
        [
            0.006464537273427976,
            0.00817274685205855,
            0.008739866027691749,
            0.04873736983611566,
            0.0,
            0.0
        ],
        [
            0.008661608401905994,
            0.009327358091582656,
            0.0090851670938231,
            0.053093574954996364,
            0.0,
            0.010465870411375809
        ],
        [
            0.012413197878342667,
            0.010540056748277571,
            0.007827348705717519,
            0.05410937733600192,
            0.08153882370790218,
            0.01595819584958107
        ]
    ],
    "exj_hat": [
        0.07040787683718176,
        0.05671147748573395,
        -0.03776257547038143,
        -0.27076701943139053,
        1.1614076672,
        0.5316509072850825
    ],
    "exj_hat_std": [
        0.012413197878342667,
        0.010540056748277571,
        0.007827348705717519,
        0.05410937733600192,
        0.08153882370790218,
        0.01595819584958107
    ],
    "ey_hat": [
        [
            1.0,
            NaN,
            NaN
        ],
        [
            -0.981864,
            1.0,
            NaN
        ],
        [
            0.5634523346819073,
            0.5934903552,
            1.0
        ]
    ],
    "ey_hat_std": [
        [
            0.0,
            0.0,
            0.0
        ],
        [
            0.0573996086119097,
            0.0,
            0.0
        ],
        [
            0.0957531436434463,
            0.015194255446888615,
            0.0
        ]
    ],
    "eyj_hat": [
        0.5634523346819073,
        0.5934903552,
        1.0
    ],
    "eyj_hat_std": [
        0.0957531436434463,
        0.015194255446888615,
        0.0
    ],
    "eyx_hat": [
        [
            0.07040787683718176,
            0.05671147748573395,
            -0.03776257547038143,
            -0.27076701943139053,
            0.0,
            0.0
        ],
        [
            0.0,
            0.0,
            0.0,
            0.0,
            0.0,
            0.5316509072850825
        ],
        [
            0.0,
            0.0,
            0.0,
            0.0,
            1.1614076672,
            0.0
        ]
    ],
    "eyx_hat_std": [
        [
            0.012413197878342667,
            0.010540056748277571,
            0.007827348705717519,
            0.05410937733600192,
            0.0,
            0.0
        ],
        [
            0.0,
            0.0,
            -0.0,
            -0.0,
            0.0,
            0.01595819584958107
        ],
        [
            0.0,
            0.0,
            -0.0,
            -0.0,
            0.08153882370790218,
            0.0
        ]
    ],
    "eyy_hat": [
        [
            0.0,
            0.0,
            0.0
        ],
        [
            -0.5827268141180929,
            0.0,
            0.0
        ],
        [
            1.1461791488000002,
            0.5934903552,
            0.0
        ]
    ],
    "eyy_hat_std": [
        [
            0.0,
            0.0,
            NaN
        ],
        [
            -0.09902865052220942,
            0.0,
            NaN
        ],
        [
            0.19478179416565572,
            0.015194255446888615,
            NaN
        ]
    ],
    "mx_hat": [
        [
            0.124958,
            0.10064999999999998,
            -0.06702000000000001,
            -0.48055,
            0.0,
            0.0
        ],
        [
            0.0,
            0.0,
            0.0,
            0.0,
            0.0,
            0.89580378624
        ],
        [
            0.0,
            0.0,
            0.0,
            0.0,
            1.1614076672,
            0.0
        ]
    ],
    "mx_hat_std": [
        [
            0.0064645372734279775,
            0.008172746852058552,
            0.00873986602769175,
            0.048737369836115665,
            0.0,
            0.0
        ],
        [
            0.0,
            0.0,
            0.0,
            0.0,
            0.0,
            0.010465870411375809
        ],
        [
            0.0,
            0.0,
            0.0,
            0.0,
            0.08153882370790218,
            0.0
        ]
    ],
    "my_hat": [
        [
            0.0,
            0.0,
            0.0
        ],
        [
            -0.9818640000000001,
            0.0,
            0.0
        ],
        [
            1.1461791488000002,
            0.5934903552,
            0.0
        ]
    ],
    "my_hat_std": [
        [
            0.0,
            0.0,
            0.0
        ],
        [
            0.05739960861190971,
            0.0,
            0.0
        ],
        [
            0.10337373065889373,
            0.015194255446888615,
            0.0
        ]
    ]
}