{
    "ex_hat": [
        [
            1.00425,
            NaN
        ],
        [
            11.9841,
            1.05032
        ],
        [
            13.0436,
            1.05478
        ]
    ],
    "ex_hat_std": [
        [
            0.479269,
            NaN
        ],
        [
            5.86522,
            0.802755
        ],
        [
            0.221734,
            0.199683
        ]
    ],
    "exj_hat": [
        13.0436,
        1.05478
    ],
    "exj_hat_std": [
        0.221734,
        0.199683
    ],
    "ey_hat": [
        [
            1.0,
            NaN,
            NaN
        ],
        [
            11.9334,
            1.0,
            NaN
        ],
        [
            12.9884,
            1.00425,
            1.0
        ]
    ],
    "ey_hat_std": [
        [
            0.0,
            NaN,
            NaN
        ],
        [
            5.95873,
            0.0,
            NaN
        ],
        [
            6.1991,
            0.746567,
            0.0
        ]
    ],
    "eyj_hat": [
        12.9884,
        1.00425,
        1.0
    ],
    "eyj_hat_std": [
        6.1991,
        0.746567,
        0.0
    ],
    "eyx_hat": [
        [
            13.0436,
            NaN
        ],
        [
            NaN,
            1.05478
        ],
        [
            NaN,
            NaN
        ]
    ],
    "eyx_hat_std": [
        [
            0.221734,
            NaN
        ],
        [
            NaN,
            0.199683
        ],
        [
            NaN,
            NaN
        ]
    ],
    "eyy_hat": [
        [
            NaN,
            NaN,
            NaN
        ],
        [
            11.9841,
            NaN,
            NaN
        ],
        [
            1.00425,
            1.00425,
            NaN
        ]
    ],
    "eyy_hat_std": [
        [
            NaN,
            NaN,
            NaN
        ],
        [
            5.71979,
            NaN,
            NaN
        ],
        [
            0.47931,
            0.746567,
            NaN
        ]
    ],
    "mx_hat": [
        [
            1.00425,
            NaN
        ],
        [
            NaN,
            1.05032
        ],
        [
            NaN,
            NaN
        ]
    ],
    "mx_hat_std": [
        [
            0.479269,
            NaN
        ],
        [
            NaN,
            0.802755
        ],
        [
            NaN,
            NaN
        ]
    ],
    "my_hat": [
        [
            NaN,
            NaN,
            NaN
        ],
        [
            11.9334,
            NaN,
            NaN
        ],
        [
            1.00425,
            1.00425,
            NaN
        ]
    ],
    "my_hat_std": [
        [
            NaN,
            NaN,
            NaN
        ],
        [
            5.95873,
            NaN,
            NaN
        ],
        [
            8.87803,
            0.746567,
            NaN
        ]
    ]
}