{
    "ex_hat": [
        [
            1.0042499999999999,
            NaN
        ],
        [
            11.984115309243352,
            1.05032
        ],
        [
            13.043565861807634,
            1.0547838599999997
        ]
    ],
    "ex_hat_std": [
        [
            0.4792691446788962,
            0.0
        ],
        [
            5.865221626646991,
            0.8027554117770607
        ],
        [
            0.2217335065488032,
            0.19968251895182407
        ]
    ],
    "exj_hat": [
        13.043565861807634,
        1.0547838599999997
    ],
    "exj_hat_std": [
        0.2217335065488032,
        0.19968251895182407
    ],
    "ey_hat": [
        [
            1.0,
            NaN,
            NaN
        ],
        [
            11.933398366187058,
            1.0,
            NaN
        ],
        [
            12.98836530924335,
            1.0042499999999999,
            1.0
        ]
    ],
    "ey_hat_std": [
        [
            0.0,
            0.0,
            0.0
        ],
        [
            5.958732453978959,
            0.0,
            0.0
        ],
        [
            6.199103832859395,
            0.7465668529734656,
            0.0
        ]
    ],
    "eyj_hat": [
        12.98836530924335,
        1.0042499999999999,
        1.0
    ],
    "eyj_hat_std": [
        6.199103832859395,
        0.7465668529734656,
        0.0
    ],
    "eyx_hat": [
        [
            13.043565861807634,
            0.0
        ],
        [
            0.0,
            1.0547838599999997
        ],
        [
            0.0,
            0.0
        ]
    ],
    "eyx_hat_std": [
        [
            0.2217335065488032,
            0.0
        ],
        [
            0.0,
            0.19968251895182407
        ],
        [
            0.0,
            0.0
        ]
    ],
    "eyy_hat": [
        [
            0.0,
            0.0,
            0.0
        ],
        [
            11.984115309243352,
            0.0,
            0.0
        ],
        [
            1.0042499999999999,
            1.0042499999999999,
            0.0
        ]
    ],
    "eyy_hat_std": [
        [
            0.0,
            0.0,
            NaN
        ],
        [
            5.719794090953798,
            0.0,
            NaN
        ],
        [
            0.47930974190559744,
            0.7465668529734656,
            NaN
        ]
    ],
    "mx_hat": [
        [
            1.0042499999999999,
            0.0
        ],
        [
            0.0,
            1.05032
        ],
        [
            0.0,
            0.0
        ]
    ],
    "mx_hat_std": [
        [
            0.4792691446788962,
            0.0
        ],
        [
            0.0,
            0.8027554117770607
        ],
        [
            0.0,
            0.0
        ]
    ],
    "my_hat": [
        [
            0.0,
            0.0,
            0.0
        ],
        [
            11.933398366187058,
            0.0,
            0.0
        ],
        [
            1.0042499999999999,
            1.0042499999999999,
            0.0
        ]
    ],
    "my_hat_std": [
        [
            0.0,
            0.0,
            0.0
        ],
        [
            5.958732453978959,
            0.0,
            0.0
        ],
        [
            8.878028039298107,
            0.7465668529734656,
            0.0
        ]
    ]
}